﻿{
  "bindings": [
    {
      "authLevel": "function",
      "type": "httpTrigger",
      "direction": "in",
      "name": "req",
      "methods": [
        "get",
        "post"
      ],
     "route": "audits/start/{startTime}/end/{endTime}"
    },
    {
      "type": "http",
      "direction": "out",
      "name": "res"
    },
    {
      "name": "inputDocument",
      "direction": "in",
      "type": "cosmosDB",
      "methods": [],
      "databaseName": "admin",
      "containerName": "audits",
      "connectionStringSetting": "mycosmosdbrsgvl_DOCUMENTDB",
      "sqlQuery": "select * from c where (c.startTime >= {startTime} and c.startTime] <= {endTime})"
    }
  ]
}
