﻿{
  "bindings": [
    {
      "authLevel": "function",
      "type": "httpTrigger",
      "direction": "in",
      "name": "req",
      "methods": [
        "get",
        "post"
      ],
      "route": "audits/save"
    },
    {
      "type": "http",
      "direction": "out",
      "name": "res"
    },
    {
      "name": "outputDocument",
      "direction": "out",
      "type": "cosmosDB",
      "partitionKey": "/eventType",
      "methods": [],
      "databaseName": "admin",
      "containerName": "audits",
      "connectionStringSetting": "mycosmosdbrsgvl_DOCUMENTDB"
    }
  ]
}
