{
  "IsEncrypted": false,
  "Values": {
    "WEBSITE_SLOT_NAME": "Production",
    "FUNCTIONS_EXTENSION_VERSION": "~4",
    "ScmType": "None",
    "WEBSITE_AUTH_ENABLED": "False",
    "APPLICATIONINSIGHTS_CONNECTION_STRING": "InstrumentationKey=dcc47f71-5677-461b-92f6-6167cca1a292;IngestionEndpoint=https://eastus-8.in.applicationinsights.azure.com/;LiveEndpoint=https://eastus.livediagnostics.monitor.azure.com/;ApplicationId=19eb7b20-86b2-4ba0-a4c9-c4382b28f707",
    "WEBSITE_NODE_DEFAULT_VERSION": "18.20.4",
    "WEBSITE_DEFAULT_HOSTNAME": "testingazurefunctionrsg.azurewebsites.net",
    "FUNCTIONS_WORKER_RUNTIME": "node",
    "WEBSITE_SITE_NAME": "TestingAzureFunctionRSG",
    "AzureWebJobsStorage": "DefaultEndpointsProtocol=https;AccountName=testbobstoragersg911;AccountKey=iM0IIa88LNUIYgUxLDXWgm2Wq2geTq/tiZN5j7gxUJg54ZinG1i0+d7T1PgCl+CkMHoHnRabnuo5+AStyw/T1g==;EndpointSuffix=core.windows.net",
    "mycosmosdbrsgvl_DOCUMENTDB": "AccountEndpoint=https://mycosmosdbrsgvl.documents.azure.com:443/;AccountKey=zAAANyGz6fXyw6QEUmQX847z10bSxF8WOVqcZogxcddsa2yAcw5DgqmZN8lgEVpjuHJFJHOvVjjXACDbSBhVyA==;",
    "CosmosDB": "AccountEndpoint=https://cosmosdb-ffx-dev.cosmos.mongo.azure.com:443/;AccountKey=S3BP4tLWorlOnNgqhZeKgyWRz4UF7EE6CRY2CGGebz424wEsC3gYQcJ4pckUbxeZ05CMHjaidrGXACDbL8c7MA==",
    "CosmosDB": "AccountEndpoint=https://mycosmosdbrsgvl.documents.azure.com:443/;AccountKey=zAAANyGz6fXyw6QEUmQX847z10bSxF8WOVqcZogxcddsa2yAcw5DgqmZN8lgEVpjuHJFJHOvVjjXACDbSBhVyA==;"

  }
}
