{
  "IsEncrypted": false,
  "Values": {
    "WEBSITE_SLOT_NAME": "Production",
    "FUNCTIONS_EXTENSION_VERSION": "~4",
    "ScmType": "None",
    "WEBSITE_AUTH_ENABLED": "False",
    "APPLICATIONINSIGHTS_CONNECTION_STRING": "InstrumentationKey=dc;IngestionEndpoint=",
    "WEBSITE_NODE_DEFAULT_VERSION": "18.20.4",
    "WEBSITE_DEFAULT_HOSTNAME": "testingazurefunctionrsg.azurewebsites.net",
    "FUNCTIONS_WORKER_RUNTIME": "node",
    "WEBSITE_SITE_NAME": "TestingAzureFunction",
    "AzureWebJobsStorage": "",
    "mycosmosdbrsgvl_DOCUMENTDB": "",
    "CosmosDB": ""
  }
}
