﻿{
  "bindings": [
    {
      "authLevel": "function",
      "type": "httpTrigger",
      "direction": "in",
      "name": "req",
      "methods": [
        "get",
        "post"
      ],
     "route": "product/{product_id}"
    },
    {
      "type": "http",
      "direction": "out",
      "name": "res"
    },
    {
      "name": "inputDocument",
      "direction": "in",
      "type": "cosmosDB",
      "methods": [],
      "databaseName": "admin",
      "containerName": "products",
      "connectionStringSetting": "mycosmosdbrsgvl_DOCUMENTDB",
      "sqlQuery": "select * from c where c.id = {product_id}"
    }
  ]
}
