 {
 "az-function-app-java": {
      "pricing tier": {
        "type": "enum",
        "values": [
          "Standard",
          "Business",
          "Premium"
        ]
      },
      "hosting options": {
        "type": "enum",
        "values": [
          "Flex Consumption",
          "Consumption",
          "Functions Premium"
        ]
      },
      "version": {
        "type": "enum",
        "values": [
          "17.0", 
          "11.0",
          "8.0"
        ] 
      } 
    }
}
